insert into class values('class04', 'UI/UX를 기반으로 한 스마트 웹 앱콘텐츠 개발자 과정', '강사04', '2016-12-01', '2017-02-28', 0, 20, 80);
insert into class values('class05', '빅데이터 분석 및 응용SW엔지니어링 양성 과정', '강사05', '2016-12-01', '2017-02-28', 0, 20, 80);
insert into class values('class06', 'Interactive Web Design을 위한 Web Publisher 양성 과정', '강사06', '2016-12-01', '2017-02-28', 0, 20, 80);
insert into class values('class07', 'UI/UX를 기반으로 한 스마트 웹 앱콘텐츠 개발자 과정', '강사04', '2017-06-01', '2017-08-28', 0, 20, 80);

insert into subject values('class04-1', 'Java & Oracle', 'class04', 0);
insert into subject values('class04-2', 'JavaScript & JQuery', 'class04', 0);
insert into subject values('class04-3', 'Spring Framwork', 'class04', 0);

insert into subject values('class07-1', 'Java & Oracle', 'class07', 0);
insert into subject values('class07-2', 'JavaScript & JQuery', 'class07', 0);
insert into subject values('class07-3', 'Spring Framwork', 'class07', 0);


insert into subject values('class05-1', 'R프로그래밍', 'class05', 0);
insert into subject values('class05-2', '데이터마이닝 이론과 실습', 'class05', 0);
insert into subject values('class05-3', 'HTML & JavasScript 웹데이터 크롤링', 'class05', 0);

insert into subject values('class06-1', 'Java', 'class06', 0);
insert into subject values('class06-2', 'HTML5 & CSS', 'class06', 0);
insert into subject values('class06-3', 'JavaScript & JQuery', 'class06', 0);

insert into student values('uj341', '1234', '유재환', '남', '서울시', 'uj341@hanbit.com', '1988-02-11', 1, '010-3334-3245', 'class04');
insert into student values('leeu1', '1234', '이유비', '여', '서울시', 'leeu1@hanbit.com', '1987-12-02', 1, '010-4553-0091', 'class04');
insert into student values('kmh11', '1234', '김민희', '여', '서울시', 'kmh11@hanbit.com', '1987-03-15', 1, '010-9901-9850', 'class04');
insert into student values('kks33', '1234', '김길수', '남', '인천시', 'kks33@hanbit.com', '1988-05-20', 1, '010-0015-2451', 'class04');
insert into student values('hanjj', '1234', '한재룡', '남', '안양시', 'hanjj@hanbit.com', '1988-06-11', 1, '010-8745-2461', 'class04');
insert into student values('hhh88', '1234', '황현희', '남', '수원시', 'hhh88@hanbit.com', '1989-12-02', 1, '010-5551-5123', 'class04');
insert into student values('dh011', '1234', '안다희', '여', '구리시', 'dh011@hanbit.com', '1989-08-13', 1, '010-2544-2342', 'class04');
insert into student values('pc901', '1234', '박철규', '남', '인천시', 'pc901@hanbit.com', '1993-04-14', 1, '010-3334-2134', 'class04');
insert into student values('9hh32', '1234', '구현호', '남', '원주시', '9hh32@hanbit.com', '1990-01-21', 1, '010-0034-1334', 'class04');
insert into student values('kkhae', '1234', '강가혜', '여', '서울시', 'kkhae@hanbit.com', '1991-12-02', 1, '010-4465-4566', 'class04');
insert into student values('ji001', '1234', '지상렬', '남', '서울시', 'ji001@hanbit.com', '1989-03-12', 1, '010-0101-1324', 'class04');
insert into student values('moon0', '1234', '문승원', '남', '인천시', 'moon0@hanbit.com', '1986-07-07', 1, '010-3214-2222', 'class04');
insert into student values('psm45', '1234', '박상면', '남', '부천시', 'psm45@hanbit.com', '1988-08-08', 1, '010-4541-5814', 'class04');
insert into student values('kkm02', '1234', '김규민', '남', '성남시', 'kkm02@hanbit.com', '1986-08-28', 1, '010-8684-8834', 'class04');
insert into student values('su112', '1234', '연수일', '여', '서울시', 'su112@hanbit.com', '1985-04-13', 1, '010-9994-5734', 'class04');
insert into student values('hana9', '1234', '하나연', '여', '인천시', 'hana9@hanbit.com', '1984-05-24', 1, '010-8894-9994', 'class04');
insert into student values('ljbum', '1234', '임재범', '남', '수원시', 'ljbum@hanbit.com', '1988-06-11', 1, '010-0004-9984', 'class04');
insert into student values('jang0', '1234', '장민호', '남', '서울시', 'jang0@hanbit.com', '1993-03-05', 1, '010-9875-6434', 'class04');
insert into student values('choid', '1234', '최동훈', '남', '서울시', 'choid@hanbit.com', '1991-11-25', 1, '010-0774-7734', 'class04');
insert into student values('yousb', '1234', '류승범', '남', '성남시', 'yousb@hanbit.com', '1989-05-07', 1, '010-6274-6334', 'class04');



insert into student values('lee00', '1234', '이익훈', '남', '서울시', 'lee00@hanbit.com', '1984-06-01', 1, '010-6334-8245', 'class05');
insert into student values('jang1', '1234', '장인상', '남', '김포시', 'jang1@hanbit.com', '1985-05-02', 1, '010-9553-6691', 'class05');
insert into student values('bhk16', '1234', '변호균', '남', '군포시', 'bhk16@hanbit.com', '1986-01-03', 1, '010-5501-0650', 'class05');
insert into student values('leedy', '1234', '이대양', '남', '인천시', 'leedy@hanbit.com', '1985-04-04', 1, '010-4225-2551', 'class05');
insert into student values('bmoon', '1234', '배문학', '남', '안양시', 'bmoon@hanbit.com', '1985-06-11', 1, '010-0015-1411', 'class05');
insert into student values('jhhhh', '1234', '정형훈', '남', '수원시', 'jhhhh@hanbit.com', '1984-02-22', 1, '010-2341-1123', 'class05');
insert into student values('kimsc', '1234', '김수철', '남', '구리시', 'kimsc@hanbit.com', '1983-11-11', 1, '010-4324-2902', 'class05');
insert into student values('hajih', '1234', '하지훈', '남', '인천시', 'hajih@hanbit.com', '1987-12-04', 1, '010-9984-8834', 'class05');
insert into student values('leejo', '1234', '이주옥', '여', '원주시', 'leejo@hanbit.com', '1990-06-11', 1, '010-9879-8934', 'class05');
insert into student values('lee07', '1234', '이영채', '여', '서울시', 'lee07@hanbit.com', '1991-12-31', 1, '010-7665-7466', 'class05');
insert into student values('jangh', '1234', '장혜인', '여', '하남시', 'jangh@hanbit.com', '1992-10-13', 1, '010-4601-7774', 'class05');
insert into student values('minsu', '1234', '정민수', '남', '인천시', 'minsu@hanbit.com', '1979-05-14', 1, '010-3666-2432', 'class05');
insert into student values('kkh55', '1234', '김가희', '여', '부천시', 'kkh55@hanbit.com', '1990-06-21', 1, '010-4341-2422', 'class05');
insert into student values('kkh98', '1234', '고균화', '남', '성남시', 'kkh98@hanbit.com', '1991-02-22', 1, '010-3123-3111', 'class05');
insert into student values('youmi', '1234', '유민상', '남', '인천시', 'youmi@hanbit.com', '1985-08-18', 1, '010-5352-2534', 'class05');
insert into student values('kim39', '1234', '김동욱', '남', '인천시', 'kim39@hanbit.com', '1987-08-04', 1, '010-5554-2634', 'class05');
insert into student values('khjjj', '1234', '김현정', '여', '수원시', 'khjjj@hanbit.com', '1988-09-09', 1, '010-8674-7774', 'class05');
insert into student values('hamda', '1234', '함다빈', '여', '서울시', 'hamda@hanbit.com', '1989-10-19', 1, '010-5755-5784', 'class05');
insert into student values('sangy', '1234', '정영상', '남', '서울시', 'hamda@hanbit.com', '1984-06-15', 1, '010-8885-8884', 'class05');
insert into student values('kklim', '1234', '김그림', '여', '성남시', 'kklim@hanbit.com', '1984-05-14', 1, '010-9974-5562', 'class05');



insert into student values('ljh19', '1234', '이종환', '남', '서울시', 'lee00@hanbit.com', '1989-03-11', 1, '010-1234-8515', 'class06');
insert into student values('jsh93', '1234', '조성환', '남', '김포시', 'jang1@hanbit.com', '1993-02-22', 1, '010-3423-1161', 'class06');
insert into student values('bby05', '1234', '박광용', '남', '인천시', 'bhk16@hanbit.com', '1985-11-06', 1, '010-5301-1000', 'class06');
insert into student values('jkm22', '1234', '정광민', '남', '인천시', 'leedy@hanbit.com', '1992-01-09', 1, '010-1123-4451', 'class06');
insert into student values('kim91', '1234', '김성엽', '남', '안양시', 'bmoon@hanbit.com', '1991-03-31', 1, '010-1325-1121', 'class06');
insert into student values('youum', '1234', '유미희', '남', '수원시', 'jhhhh@hanbit.com', '1988-12-30', 1, '010-6855-9623', 'class06');
insert into student values('heee1', '1234', '권윤희', '남', '구리시', 'kimsc@hanbit.com', '1989-09-20', 1, '010-6563-3302', 'class06');
insert into student values('ban05', '1234', '반희연', '남', '인천시', 'hajih@hanbit.com', '1987-08-10', 1, '010-0550-5564', 'class06');
insert into student values('hwann', '1234', '유정환', '여', '서울시', 'leejo@hanbit.com', '1990-02-18', 1, '010-7759-4774', 'class06');
insert into student values('leeh0', '1234', '이혜연', '여', '서울시', 'lee07@hanbit.com', '1991-09-24', 1, '010-4674-3563', 'class06');
insert into student values('leeh5', '1234', '이희연', '여', '서울시', 'jangh@hanbit.com', '1983-07-06', 1, '010-8541-4974', 'class06');
insert into student values('jjjj1', '1234', '장희석', '남', '인천시', 'minsu@hanbit.com', '1989-02-21', 1, '010-9966-2499', 'class06');
insert into student values('jkh43', '1234', '전근복', '여', '부천시', 'kkh55@hanbit.com', '1979-03-28', 1, '010-7941-5622', 'class06');
insert into student values('lhm31', '1234', '이혜미', '남', '성남시', 'kkh98@hanbit.com', '1985-11-15', 1, '010-5854-4711', 'class06');
insert into student values('ubh57', '1234', '우병훈', '남', '인천시', 'youmi@hanbit.com', '1987-05-25', 1, '010-8828-5355', 'class06');
insert into student values('hsick', '1234', '김현식', '남', '인천시', 'kim39@hanbit.com', '1988-05-11', 1, '010-7478-8774', 'class06');
insert into student values('kyu91', '1234', '김복규', '여', '수원시', 'khjjj@hanbit.com', '1989-06-16', 1, '010-7767-4344', 'class06');
insert into student values('bok11', '1234', '장문복', '여', '서울시', 'hamda@hanbit.com', '1990-07-12', 1, '010-2343-3754', 'class06');
insert into student values('leeeh', '1234', '이세희', '남', '서울시', 'hamda@hanbit.com', '1991-09-11', 1, '010-0004-4484', 'class06');
insert into student values('kbs85', '1234', '김범수', '여', '성남시', 'kklim@hanbit.com', '1987-08-24', 1, '010-0405-4940', 'class06');



insert into student_job values ('uj341', '유재환', 1);
insert into student_job values ('leeu1', '이유비', 1);
insert into student_job values ('kmh11', '김민희', 1);
insert into student_job values ('kks33', '김길수', 0);	
insert into student_job values ('hanjj', '한재룡', 1);
insert into student_job values ('hhh88', '황현희', 1);
insert into student_job values ('dh011', '안다희', 0);
insert into student_job values ('pc901', '박철규', 0);
insert into student_job values ('9hh32', '구현호', 1);
insert into student_job values ('kkhae', '강가혜', 1);
insert into student_job values ('ji001', '지상렬', 1);
insert into student_job values ('moon0', '문승원', 1);
insert into student_job values ('psm45', '박상면', 1);
insert into student_job values ('kkm02', '김규민', 1);
insert into student_job values ('su112', '연수일', 1);
insert into student_job values ('hana9', '하나연', 1);
insert into student_job values ('ljbum', '임재범', 0);
insert into student_job values ('jang0', '장민호', 1);
insert into student_job values ('choid', '최동훈', 1);
insert into student_job values ('yousb', '류승범', 1);



insert into student_job values ('lee00', '유재환', 1);
insert into student_job values ('jang1', '장인상', 1);
insert into student_job values ('bhk16', '변호균', 1);
insert into student_job values ('leedy', '이대양', 1);	
insert into student_job values ('bmoon', '배문학', 0);
insert into student_job values ('jhhhh', '정형훈', 1);
insert into student_job values ('kimsc', '김수철', 0);
insert into student_job values ('hajih', '하지훈', 1);
insert into student_job values ('leejo', '이주옥', 0);
insert into student_job values ('lee07', '이영채', 1);
insert into student_job values ('jangh', '장혜인', 1);
insert into student_job values ('minsu', '정민수', 1);
insert into student_job values ('kkh55', '김가희', 0);
insert into student_job values ('kkh98', '고균화', 0);
insert into student_job values ('youmi', '유민상', 1);
insert into student_job values ('kim39', '김동욱', 1);
insert into student_job values ('khjjj', '김현정', 1);
insert into student_job values ('hamda', '함다빈', 0);
insert into student_job values ('sangy', '정영상', 1);
insert into student_job values ('kklim', '김그림', 0);



insert into student_job values ('ljh19', '이종환', 1);
insert into student_job values ('jsh93', '조성환', 1);
insert into student_job values ('bby05', '박광용', 0);
insert into student_job values ('jkm22', '정광민', 1);	
insert into student_job values ('kim91', '김성엽', 1);
insert into student_job values ('youum', '유미희', 0);
insert into student_job values ('heee1', '권윤희', 1);
insert into student_job values ('ban05', '반희연', 0);
insert into student_job values ('hwann', '유정환', 0);
insert into student_job values ('leeh0', '이혜연', 0);
insert into student_job values ('leeh5', '이희연', 0);
insert into student_job values ('jjjj1', '장희석', 1);
insert into student_job values ('jkh43', '전근복', 1);
insert into student_job values ('lhm31', '이혜미', 1);
insert into student_job values ('ubh57', '우병훈', 1);
insert into student_job values ('hsick', '김현식', 1);
insert into student_job values ('kyu91', '김복규', 0);
insert into student_job values ('bok11', '장문복', 1);
insert into student_job values ('leeeh', '이세희', 1);
insert into student_job values ('kbs85', '김범수', 1);



