insert into employee values('emp08', '1234', '행정02', '남', '서울시', 'emp08@hanbit.com', '1980-03-03', '2015-03-02', '농협', '103-1214-123456', '010-1234-1234', 2);
insert into employee values('emp09', '1234', '영업02', '여', '서울시', 'emp09@hanbit.com', '1981-03-03', '2015-03-02', '농협', '104-1214-123456', '010-1234-1234', 4);
insert into employee values('emp10', '1234', '취업02', '남', '서울시', 'emp10@hanbit.com', '1982-03-03', '2015-03-02', '농협', '105-1214-123456', '010-1234-1234', 5);
insert into employee values('emp11', '1234', '행정03', '여', '서울시', 'emp11@hanbit.com', '1982-03-03', '2015-03-02', '농협', '106-1214-123456', '010-1234-1234', 2);
insert into employee values('emp12', '1234', '영업03', '남', '서울시', 'emp12@hanbit.com', '1982-03-03', '2015-03-02', '농협', '107-1214-123456', '010-1234-1234', 4);
insert into employee values('emp13', '1234', '취업03', '여', '서울시', 'emp13@hanbit.com', '1980-02-01', '2015-03-02', '농협', '102-1214-123456', '010-1234-1234', 5);
insert into employee values('emp14', '1234', '행정04', '남', '서울시', 'emp14@hanbit.com', '1980-03-03', '2015-03-02', '농협', '103-1214-123456', '010-1234-1234', 2);
insert into employee values('emp15', '1234', '영업04', '여', '서울시', 'emp15@hanbit.com', '1981-03-03', '2015-03-02', '농협', '104-1214-123456', '010-1234-1234', 4);
insert into employee values('emp16', '1234', '취업04', '남', '서울시', 'emp16@hanbit.com', '1982-03-03', '2015-03-02', '농협', '105-1214-123456', '010-1234-1234', 5);
insert into employee values('emp17', '1234', '행정05', '남', '서울시', 'emp17@hanbit.com', '1982-03-03', '2015-03-02', '농협', '106-1214-123456', '010-1234-1234', 2);
insert into employee values('emp18', '1234', '영업05', '남', '서울시', 'emp18@hanbit.com', '1982-03-03', '2015-03-02', '농협', '107-1214-123456', '010-1234-1234', 4);
insert into employee values('emp19', '1234', '취업05', '여', '서울시', 'emp19@hanbit.com', '1982-03-03', '2015-03-02', '농협', '107-1214-123456', '010-1234-1234', 5);

insert into employee values('emp20', '1234', '강사04', '남', '서울시', 'emp17@hanbit.com', '1982-03-03', '2015-03-02', '농협', '106-1214-123456', '010-1234-1234', 3);
insert into employee values('emp21', '1234', '강사05', '남', '서울시', 'emp18@hanbit.com', '1982-03-03', '2015-03-02', '농협', '107-1214-123456', '010-1234-1234', 3);
insert into employee values('emp22', '1234', '강사06', '여', '서울시', 'emp19@hanbit.com', '1982-03-03', '2015-03-02', '농협', '107-1214-123456', '010-1234-1234', 3);

insert into teacher values('emp20', '강사04', 3, 'class01');
insert into teacher values('emp21', '강사05', 3, 'class02');
insert into teacher values('emp22', '강사06', 3, 'class03');

insert into administration values('emp08', '행정02', 2);
insert into salse values('emp09', '영업02', 4);
insert into jobsupport values('emp10', '취업02', 5);
insert into administration values('emp11', '행정03', 2);
insert into salse values('emp12', '영업03', 4);
insert into jobsupport values('emp13', '취업03', 5);
insert into administration values('emp14', '행정04', 2);
insert into salse values('emp15', '영업04', 4);
insert into jobsupport values('emp16', '취업04', 5);
insert into administration values('emp17', '행정05', 2);
insert into salse values('emp18', '영업05', 4);
insert into jobsupport values('emp19', '취업05', 5);
